MODEL,SN,LSET,RUN,JOB,EYE,DATETIME,LTYPE,INSDRSPH,INSDRCYL,INSDRAX,INSDRPRVM,INSDRPRVA,INSPRSPH,INSPRCYL,INSPRAX,INSPRPRVM,INSPRPRVA,INSNRSPH,INSNRCYL,INSNRAX,INSNRPRVM,INSNRPRVA,INSCTHK,INSDIA,INSGMC,INSAV,INSDOT,INSDBPH,INSDBPV,INSDBPA,FLAG,COMMENT
PROMAPPER,002,2018_ESS_RR_BATCH1,20180503ESS,DDV005,R,2018-05-03T09:44:00Z,NA,-2.373,0.432,92.05,1.024727281,41.20170478,-2.2695,0.615,92.999,1.416306464,-57.16268565,0.136,0.72,93.139,2.485787803,-69.02040861,1.167,64.454,0.041,0.024,0.101,-0.054,0.049,0.574,test,Made by Essilor in Creteil
PROMAPPER,002,2018_ESS_RR_BATCH1,20180503ESS,DDV005,R,2018-05-03T09:44:00Z,NA,-2.374,0.434,92.068,0.953948112,41.81310243,-2.267,0.616,92.845,1.419212458,-60.07484941,0.136,0.724,93.277,2.499201873,-70.57904045,1.164,64.458,0.042,0.024,0.099,-0.052,0.048,0.568,test,Made by Essilor in Creteil
PROMAPPER,002,2018_ESS_RR_BATCH1,20180503ESS,DDV005,R,2018-05-03T09:43:00Z,NA,-2.3725,0.431,91.959,1.004860687,41.8939729,-2.2685,0.613,93.06,1.40852831,-58.11534824,0.1345,0.719,92.931,2.480936315,-69.64397698,1.167,64.451,0.039,0.024,0.1,-0.054,0.048,0.564,test,Made by Essilor in Creteil
PROMAPPER,002,2018_ESS_RR_BATCH1,20180503ESS,DDV006,R,2018-05-03T11:22:00Z,NA,0.0115,0.137,78.382,1.770550479,-93.0757181,0.631,0.334,159.689,1.496686006,-96.52197513,2.177,0.42,102.072,0.938467368,125.5021917,2.008,64.444,0.336,0.047,0.423,0.008,-0.271,0.418,test,Made by Essilor in Creteil
PROMAPPER,002,2018_ESS_RR_BATCH1,20180503ESS,DDV006,R,2018-05-03T11:22:00Z,NA,0.008,0.14,78.887,1.785010084,-90.19259013,0.63,0.334,160.219,1.503293052,-93.16503102,2.1805,0.421,102.197,0.871732184,121.1553805,2.007,64.44,0.34,0.046,0.421,-0.022,-0.25,0.465,test,Made by Essilor in Creteil
PROMAPPER,002,2018_ESS_RR_BATCH1,20180503ESS,DDV006,R,2018-05-03T11:21:00Z,NA,0.01,0.138,78.633,1.793188501,-89.16922149,0.629,0.336,159.819,1.511762217,-91.81950553,2.1775,0.421,102.402,0.847171765,119.4093315,2.013,64.439,0.341,0.046,0.423,-0.022,-0.255,0.463,test,Made by Essilor in Creteil
PROMAPPER,002,2018_ESS_RR_BATCH1,20180503ESS,DDV007,R,2018-05-03T11:16:00Z,NA,-1.8755,1.883,1.069,1.669946406,-101.5723541,-1.6465,2.079,178.283,1.493028131,-105.0228807,0.863,1.452,176.904,0.565650952,105.9036554,1.885,64.588,0.262,0.043,0.396,-0.078,-0.247,0.239,test,Made by Essilor in Creteil
PROMAPPER,002,2018_ESS_RR_BATCH1,20180503ESS,DDV007,R,2018-05-03T11:13:00Z,NA,-1.875,1.882,1.044,1.692274505,-102.5251354,-1.647,2.08,178.316,1.533655111,-105.6221003,0.8625,1.451,176.815,0.535081302,108.9767367,1.884,64.584,0.253,0.043,0.403,-0.08,-0.237,0.237,test,Made by Essilor in Creteil
PROMAPPER,002,2018_ESS_RR_BATCH1,20180503ESS,DDV007,R,2018-05-03T11:12:00Z,NA,-1.8785,1.885,1.047,1.658609357,-100.8424711,-1.6475,2.077,178.303,1.500337629,-103.8046905,0.8645,1.453,176.925,0.53149318,102.9380563,1.888,64.575,0.258,0.042,0.401,-0.085,-0.232,0.233,test,Made by Essilor in Creteil
PROMAPPER,002,2018_ESS_RR_BATCH1,20180503ESS,DDV009,R,2018-05-03T11:20:00Z,NA,1.581,0.438,131.287,2.992032754,-89.73190673,1.922,0.742,135.789,1.449602014,-83.06618132,3.5685,0.837,115.036,2.840077816,98.48388118,2.828,64.191,0.063,0.022,0.174,0.031,-0.137,-0.386,test,Made by Essilor in Creteil
PROMAPPER,002,2018_ESS_RR_BATCH1,20180503ESS,DDV009,R,2018-05-03T11:19:00Z,NA,1.582,0.442,131.313,2.994042752,-89.69381304,1.926,0.744,135.731,1.448859552,-82.66406786,3.569,0.836,115.048,2.828994521,98.06708962,2.825,64.197,0.062,0.022,0.171,0.044,-0.14,-0.403,test,Made by Essilor in Creteil
PROMAPPER,002,2018_ESS_RR_BATCH1,20180503ESS,DDV009,R,2018-05-03T11:18:00Z,NA,1.5805,0.443,131.199,2.963043199,-90.30939033,1.923,0.75,135.664,1.420265116,-83.81573294,3.574,0.832,115.122,2.85160674,98.67283739,2.822,64.2,0.061,0.023,0.17,0.032,-0.14,-0.382,test,Made by Essilor in Creteil
PROMAPPER,002,2018_ESS_RR_BATCH1,20180503ESS,DDV010,R,2018-05-03T09:47:00Z,NA,0.2315,3.763,134.688,3.486437867,-113.6754869,0.523,4.136,135.114,1.305469264,-88.46369987,2.5325,3.807,132.544,3.246424495,66.89410602,4.179,64.402,0.073,0.069,0.1,2.613,-0.325,-13.939,test,Made by Essilor in Creteil
PROMAPPER,002,2018_ESS_RR_BATCH1,20180503ESS,DDV010,R,2018-05-03T09:46:00Z,NA,0.2315,3.767,134.665,3.507356412,-113.436687,0.5165,4.145,135.139,1.328663991,-88.18853849,2.5335,3.803,132.417,3.207703228,66.24788962,4.18,64.38,0.071,0.068,0.106,2.623,-0.305,-13.952,test,Made by Essilor in Creteil
PROMAPPER,002,2018_ESS_RR_BATCH1,20180503ESS,DDV010,R,2018-05-03T09:45:00Z,NA,0.2315,3.769,134.731,3.499343081,-113.4221827,0.518,4.144,135.143,1.316577761,-88.30252159,2.537,3.798,132.443,3.219673586,66.51633496,4.183,64.38,0.071,0.068,0.11,2.613,-0.318,-13.938,test,Made by Essilor in Creteil
PROMAPPER,002,2018_ESS_RR_BATCH1,20180503ESS,DDV011,R,2018-05-03T09:42:00Z,NA,5.671,0.352,148.572,6.324061986,-90.25367985,5.968,0.742,140.719,1.608117222,-85.89915241,8.0935,0.569,127.013,8.320311653,105.1536526,6.303,63.981,0.104,0.026,0.213,-0.069,0.045,0.305,test,Made by Essilor in Creteil
PROMAPPER,002,2018_ESS_RR_BATCH1,20180503ESS,DDV011,R,2018-05-03T09:41:00Z,NA,5.673,0.342,148.246,6.291231755,-90.49179719,5.972,0.742,141.517,1.58949363,-86.79017733,8.095,0.566,127.461,8.347927228,105.2232145,6.304,63.985,0.101,0.027,0.211,-0.05,0.01,0.219,test,Made by Essilor in Creteil
PROMAPPER,002,2018_ESS_RR_BATCH1,20180503ESS,DDV011,R,2018-05-03T09:40:00Z,NA,5.679,0.338,147.799,6.296062261,-89.74519199,5.971,0.748,141.278,1.612742385,-83.69904118,8.0945,0.573,127.449,8.31090687,104.6147833,6.303,63.985,0.106,0.028,0.213,-0.066,0.028,0.271,test,Made by Essilor in Creteil
PROMAPPER,002,2018_ESS_RR_BATCH1,20180503ESS,FBS003,R,2018-05-02T11:31:00Z,NA,-10.075,3.984,179.982,3.204327855,92.61149335,-9.8635,3.845,179.207,1.563830234,-95.35696499,-7.502,4.066,179.533,8.287253405,-74.87040075,1.897,64.934,0.08,-0.046,0.147,-0.156,0.409,0.113,test,Made by Essilor in Creteil
PROMAPPER,002,2018_ESS_RR_BATCH1,20180503ESS,FBS003,R,2018-05-02T11:31:00Z,NA,-10.074,3.986,0.029,3.142677998,92.77227179,-9.859,3.848,179.156,1.628557644,-95.14346536,-7.504,4.076,179.619,8.327978987,-75.07434409,1.898,64.921,0.081,-0.042,0.153,-0.165,0.257,0.094,test,Made by Essilor in Creteil
PROMAPPER,002,2018_ESS_RR_BATCH1,20180503ESS,FBS003,R,2018-05-02T11:30:00Z,NA,-8.585,4.302,174.85,5.717003149,90.06013198,-9.8595,3.835,179.176,1.595785073,84.71455325,-10.0585,4.083,0.289,7.263692518,-67.75329929,1.903,64.932,11.451,-0.045,1.523,NA,NA,NA,test,Made by Essilor in Creteil
PROMAPPER,002,2018_ESS_RR_BATCH1,20180503ESS,FBS004,R,2018-05-03T12:07:00Z,NA,-7.065,4.072,89.949,3.811396857,89.17317,-6.7895,4.075,90.608,1.636213311,-87.79336437,-4.0415,3.723,89.661,9.030921105,-87.18195017,1.906,64.984,0.065,-0.009,0.184,0.03,0,-0.031,test,Made by Essilor in Creteil
PROMAPPER,002,2018_ESS_RR_BATCH1,20180503ESS,FBS004,R,2018-05-03T12:07:00Z,NA,-7.0695,4.081,89.927,3.893062162,89.67621533,-6.7895,4.077,90.572,1.552252557,-88.96642538,-4.056,3.74,89.673,8.947352961,-87.37999129,1.903,64.984,0.067,-0.009,0.185,0.039,0.005,-0.02,test,Made by Essilor in Creteil
PROMAPPER,002,2018_ESS_RR_BATCH1,20180503ESS,FBS004,R,2018-05-03T12:06:00Z,NA,-7.073,4.084,89.973,3.786592796,88.98615516,-6.799,4.084,90.555,1.66260338,-87.48350268,-4.0455,3.729,89.67,9.057385495,-87.12685422,1.906,64.979,0.068,-0.009,0.185,0.045,-0.008,-0.037,test,Made by Essilor in Creteil
PROMAPPER,002,2018_ESS_RR_BATCH1,20180503ESS,FBS005,R,2018-05-03T12:04:00Z,NA,-2.5325,0.591,89.563,0.236814273,126.2408308,-2.1675,0.559,92.318,1.703966256,-94.37549511,0.006,0.536,92.336,2.901055842,-89.64449817,1.882,64.619,0.089,0.028,0.19,-0.023,-0.247,0.13,test,Made by Essilor in Creteil
PROMAPPER,002,2018_ESS_RR_BATCH1,20180503ESS,FBS005,R,2018-05-02T11:40:26Z,NA,-2.529,0.592,89.322,0.258094944,134.8430257,-2.162,0.538,92.136,1.709876311,-95.84062873,0.018,0.522,91.818,2.890145498,-90.57492105,1.884,64.613,0.087,0.029,0.187,0.001,-0.265,0.087,test,Made by Essilor in Creteil
PROMAPPER,002,2018_ESS_RR_BATCH1,20180503ESS,FBS005,R,2018-05-02T11:39:33Z,NA,-0.885,0.746,126.522,2.80955815,88.8579072,-2.1645,0.543,91.817,1.742499641,83.70701308,-2.388,0.458,86.768,1.729041353,-65.3914972,1.883,64.614,11.488,0.029,1.747,NA,NA,NA,test,Made by Essilor in Creteil
PROMAPPER,002,2018_ESS_RR_BATCH1,20180503ESS,FBS006,R,2018-05-03T14:27:30Z,NA,-0.029,0.094,97.044,1.823132743,-97.62787155,0.505,0.212,145.975,1.636528032,-98.14990732,2.156,0.218,102.735,1.025809436,127.1156569,1.944,64.403,0.078,0.018,0.193,-0.014,-0.252,0.123,test,Made by Essilor in Creteil
PROMAPPER,002,2018_ESS_RR_BATCH1,20180503ESS,FBS006,R,2018-05-03T14:26:56Z,NA,-0.0275,0.093,97.366,1.831065537,-96.30218116,0.504,0.212,146.33,1.643372447,-96.74446276,2.152,0.226,102.722,0.985702288,126.0444677,1.947,64.414,0.08,0.018,0.19,-0.015,-0.249,0.127,test,Made by Essilor in Creteil
PROMAPPER,002,2018_ESS_RR_BATCH1,20180503ESS,FBS006,R,2018-05-03T14:26:14Z,NA,-0.0305,0.095,97.303,1.800917822,-95.70426176,0.5035,0.213,146.042,1.613664773,-95.94024139,2.1525,0.223,103.181,0.996242942,123.7857731,1.95,64.406,0.08,0.018,0.191,-0.01,-0.261,0.111,test,Made by Essilor in Creteil
PROMAPPER,002,2018_ESS_RR_BATCH1,20180503ESS,FBS007,R,2018-05-02T13:21:29Z,NA,-1.989,1.96,179.342,2.517288223,-68.12251177,-1.4715,2.095,177.417,2.374737249,-66.39272659,0.321,1.758,177.899,1.158879631,7.486827979,1.656,64.526,0.082,-0.007,0.205,0.102,-0.136,0.406,test,Made by Essilor in Creteil
PROMAPPER,002,2018_ESS_RR_BATCH1,20180503ESS,FBS007,R,2018-05-02T13:19:58Z,NA,-1.987,1.962,179.339,2.49782005,-69.78760184,-1.474,2.102,177.363,2.352039328,-67.94979468,0.3195,1.753,178.027,1.078762254,8.100057376,1.653,64.503,0.085,-0.006,0.207,0.092,-0.155,0.388,test,Made by Essilor in Creteil
PROMAPPER,002,2018_ESS_RR_BATCH1,20180503ESS,FBS007,R,2018-05-02T13:19:10Z,NA,-1.987,1.96,179.351,2.508012759,-67.19737401,-1.4705,2.099,177.381,2.367054076,-65.32967588,0.314,1.758,178.039,1.189847469,8.749823335,1.661,64.503,0.082,-0.006,0.214,0.099,-0.156,0.391,test,Made by Essilor in Creteil
PROMAPPER,002,2018_ESS_RR_BATCH1,20180503ESS,FBS009,R,2018-05-02T13:25:20Z,NA,1.547,0.516,129.53,3.222924448,-92.82778221,1.983,0.706,137.035,1.614627202,-88.40294777,3.702,0.654,122.251,3.196109041,101.404857,3.014,64.295,0.062,0.041,0.136,0.108,-0.528,0.031,test,Made by Essilor in Creteil
PROMAPPER,002,2018_ESS_RR_BATCH1,20180503ESS,FBS009,R,2018-05-02T13:24:47Z,NA,1.5455,0.517,129.39,3.182139218,-94.34346721,1.9845,0.709,136.882,1.566391075,-91.28034386,3.702,0.652,122.227,3.254860519,102.7980241,3.012,64.283,0.062,0.041,0.136,0.111,-0.534,0.014,test,Made by Essilor in Creteil
PROMAPPER,002,2018_ESS_RR_BATCH1,20180503ESS,FBS009,R,2018-05-02T13:23:57Z,NA,1.546,0.512,129.468,3.196592248,-93.38961643,1.9835,0.705,136.708,1.584102269,-89.34893962,3.698,0.66,122.605,3.231377415,101.8941372,3.016,64.288,0.062,0.041,0.137,0.107,-0.528,0.031,test,Made by Essilor in Creteil
PROMAPPER,002,2018_ESS_RR_BATCH1,20180503ESS,FBS010,R,2018-05-02T13:28:16Z,NA,0.062,4.042,134.017,3.762735441,-117.3209602,0.5555,4.271,135.698,1.439547498,-98.42842723,2.155,4.072,131.881,3.415773412,67.77496955,4.364,64.295,0.075,0.06,0.121,0.009,-0.706,0.257,test,Made by Essilor in Creteil
PROMAPPER,002,2018_ESS_RR_BATCH1,20180503ESS,FBS010,R,2018-05-02T13:27:21Z,NA,0.0595,4.043,134.094,3.802427777,-115.951817,0.5485,4.273,135.714,1.494248306,-95.64573146,2.1405,4.087,131.792,3.371437972,66.63627956,4.367,64.299,0.076,0.06,0.119,0.023,-0.698,0.247,test,Made by Essilor in Creteil
PROMAPPER,002,2018_ESS_RR_BATCH1,20180503ESS,FBS010,R,2018-05-02T13:26:46Z,NA,0.0585,4.039,134.141,3.789052256,-117.2345535,0.552,4.27,135.717,1.4575006,-98.36359832,2.1355,4.101,131.895,3.372852947,67.49512631,4.363,64.294,0.078,0.061,0.118,-0.003,-0.705,0.278,test,Made by Essilor in Creteil
PROMAPPER,002,2018_ESS_RR_BATCH1,20180503ESS,FBS011,R,2018-05-02T13:30:25Z,NA,5.636,0.506,149.057,6.449392219,-91.19052877,6.09,0.862,152.599,1.556439848,-88.63782493,7.6815,0.743,133.172,9.326225228,104.0809441,6.11,64.182,0.052,0.053,0.1,0.055,-0.343,-0.05,test,Made by Essilor in Creteil
PROMAPPER,002,2018_ESS_RR_BATCH1,20180503ESS,FBS011,R,2018-05-02T13:29:49Z,NA,5.634,0.508,149.341,6.473285487,-91.14186913,6.0955,0.861,152.916,1.565414003,-88.68224641,7.686,0.742,133.472,9.29547718,104.2365671,6.108,64.182,0.051,0.053,0.096,0.049,-0.338,-0.039,test,Made by Essilor in Creteil
PROMAPPER,002,2018_ESS_RR_BATCH1,20180503ESS,FBS011,R,2018-05-02T13:29:20Z,NA,5.634,0.506,149.995,6.600355142,-92.88321294,6.101,0.852,152.638,1.702508737,-95.73068517,7.679,0.74,133.235,9.226972851,105.5786233,6.107,64.183,0.051,0.055,0.098,0.069,-0.35,-0.069,test,Made by Essilor in Creteil
PROMAPPER,002,2018_ESS_RR_BATCH1,20180503ESS,FBS012,R,2018-05-03T12:03:00Z,NA,9.1125,0.027,138.871,8.69063519,-88.58899425,9.546,0.306,146.996,1.626204477,-81.90477637,11.524,0.158,124.573,13.91879837,107.0367521,8.729,63.934,0.078,-0.013,0.159,0,-0.053,0.001,test,Made by Essilor in Creteil
PROMAPPER,002,2018_ESS_RR_BATCH1,20180503ESS,FBS012,R,2018-05-03T12:02:00Z,NA,9.1235,0.015,139.3,8.695885521,-88.52393706,9.548,0.306,147.115,1.649150387,-81.49156724,11.54,0.152,125.386,13.88012248,107.0511358,8.729,63.937,0.081,-0.013,0.163,-0.01,-0.047,0.06,test,Made by Essilor in Creteil
PROMAPPER,002,2018_ESS_RR_BATCH1,20180503ESS,FBS012,R,2018-05-03T12:01:00Z,NA,9.1135,0.013,112.511,8.672916926,-88.07059953,9.5355,0.333,147.623,1.623034504,-79.52780714,11.5385,0.161,119.685,13.89777324,106.722937,8.732,63.936,0.077,-0.011,0.156,-0.005,-0.084,-0.028,test,Made by Essilor in Creteil
PROMAPPER,002,2018_ESS_RR_BATCH1,20180503ESS,FBS013,R,2018-05-02T13:35:01Z,NA,3.108,3.972,89.871,4.217357585,-91.45382652,3.628,3.9,92.071,1.537577966,-93.31832032,5.4515,3.987,90.835,6.181427829,121.7744918,7.109,64.125,0.037,0.039,0.057,0.008,-0.368,-0.057,test,Made by Essilor in Creteil
PROMAPPER,002,2018_ESS_RR_BATCH1,20180503ESS,FBS013,R,2018-05-02T13:34:26Z,NA,3.095,3.982,89.888,4.174058576,-91.2904128,3.634,3.896,92.167,1.498635713,-92.67721125,5.4125,4.025,91.105,6.236957992,121.233163,7.112,64.124,0.041,0.04,0.055,-0.027,-0.384,-0.077,test,Made by Essilor in Creteil
PROMAPPER,002,2018_ESS_RR_BATCH1,20180503ESS,FBS013,R,2018-05-02T13:33:46Z,NA,3.102,3.978,89.777,4.210385374,-91.46984716,3.624,3.902,92.035,1.53494267,-93.54839317,5.439,4,90.909,6.174717483,121.8676816,7.113,64.117,0.036,0.039,0.05,0.01,-0.362,-0.043,test,Made by Essilor in Creteil
PROMAPPER,002,2018_ESS_RR_BATCH1,20180503ESS,FBS014,R,2018-05-02T13:37:33Z,NA,-3.5105,0.123,8.424,1.916606637,85.2413235,-3.2815,0.153,175.85,0.677480627,-77.72804005,-2.466,0.188,8.671,4.262574105,-79.63383864,1.208,69.876,0.049,-0.016,0.14,0.115,-0.37,-0.598,test,Made by Essilor in Creteil
PROMAPPER,002,2018_ESS_RR_BATCH1,20180503ESS,FBS014,R,2018-05-02T13:36:56Z,NA,-3.514,0.124,7.366,1.897810317,84.80010446,-3.2865,0.155,175.766,0.701208243,-76.55829534,-2.4615,0.189,6.974,4.277278808,-79.45193458,1.208,69.87,0.049,-0.016,0.144,0.128,-0.381,-0.62,test,Made by Essilor in Creteil
PROMAPPER,002,2018_ESS_RR_BATCH1,20180503ESS,FBS014,R,2018-05-02T13:36:19Z,NA,-3.5145,0.121,5.168,1.871673316,86.93733553,-3.285,0.16,175.512,0.713697415,-82.75549315,-2.469,0.198,7.098,4.298379346,-80.46536234,1.217,69.878,0.046,-0.017,0.137,0.056,-0.376,-0.344,test,Made by Essilor in Creteil
PROMAPPER,002,2018_ESS_RR_BATCH1,20180503ESS,FBS016,R,2018-05-02T13:40:25Z,NA,-4.9335,0.089,3.335,3.090420845,89.05442736,-4.712,0.056,175.08,0.692215284,-86.60437623,-3.875,0.162,10.133,6.427319815,-81.82451286,1.317,70.074,0.029,-0.004,0.113,0.091,-0.081,-0.752,test,Made by Essilor in Creteil
PROMAPPER,002,2018_ESS_RR_BATCH1,20180503ESS,FBS016,R,2018-05-02T13:39:54Z,NA,-4.9215,0.057,7.5,3.115296776,89.20912936,-4.704,0.056,175.609,0.670862132,-87.09494495,-3.8765,0.163,10.641,6.403983838,-81.89393801,1.317,70.068,0.03,-0.004,0.118,0.132,-0.101,-0.61,test,Made by Essilor in Creteil
PROMAPPER,002,2018_ESS_RR_BATCH1,20180503ESS,FBS016,R,2018-05-02T13:39:12Z,NA,-4.923,0.09,9.563,3.063223466,89.3079201,-4.741,0.064,171.795,0.715761133,-87.35745471,-3.883,0.166,9.047,6.439917158,-81.98439594,1.322,70.053,0.029,-0.004,0.106,0.119,-0.134,-0.583,test,Made by Essilor in Creteil
PROMAPPER,002,2018_ESS_RR_BATCH1,20180503ESS,FBS017,R,2018-05-02T13:43:02Z,NA,-2.916,0.036,177.46,1.496208876,90.95739383,-2.68,0.08,162.637,0.678188764,-91.35186188,-1.9135,0.029,5.55,3.59532057,-82.31163119,1.234,69.77,0.05,0.025,0.128,0.08,-0.798,-0.441,test,Made by Essilor in Creteil
PROMAPPER,002,2018_ESS_RR_BATCH1,20180503ESS,FBS017,R,2018-05-02T13:42:23Z,NA,-2.917,0.036,177.805,1.490052684,87.84617048,-2.6785,0.079,161.382,0.68798328500000006,-84.66231309,-1.914,0.032,5.845,3.614797643,-81.07187047,1.236,69.793,0.05,0.025,0.127,0.086,-0.797,-0.495,test,Made by Essilor in Creteil
PROMAPPER,002,2018_ESS_RR_BATCH1,20180503ESS,FBS017,R,2018-05-02T13:41:46Z,NA,-2.9165,0.035,178.561,1.509717854,87.26646837,-2.68,0.082,160.602,0.667690048,-83.20493898,-1.915,0.032,5.344,3.590824418,-80.73703965,1.237,69.762,0.05,0.024,0.13,0.083,-0.791,-0.501,test,Made by Essilor in Creteil
PROMAPPER,002,2018_ESS_RR_BATCH1,20180503ESS,FBS018,R,2018-05-02T13:45:19Z,NA,-4.012,0.1,160.266,2.321593418,87.87707674,-3.7965,0.095,145.995,0.706614463,-81.044235,-2.928,0.11,2.312,5.094996173,-80.90927891,1.364,69.894,0.033,-0.046,0.122,-0.196,0.376,0.369,test,Made by Essilor in Creteil
PROMAPPER,002,2018_ESS_RR_BATCH1,20180503ESS,FBS018,R,2018-05-02T13:44:49Z,NA,-4.0125,0.097,160.623,2.317194209,89.25818846,-3.7965,0.095,146.163,0.702398747,-85.26345492,-2.93,0.114,2.885,5.08901739,-81.49094598,1.364,69.893,0.032,-0.047,0.12,-0.214,0.378,0.432,test,Made by Essilor in Creteil
PROMAPPER,002,2018_ESS_RR_BATCH1,20180503ESS,FBS018,R,2018-05-02T13:44:16Z,NA,-4.013,0.1,159.826,2.331513671,87.93529528,-3.7965,0.097,145.541,0.694141196,-81.21618444,-2.9305,0.113,2.606,5.085793252,-80.91550774,1.364,69.887,0.033,-0.047,0.119,-0.2,0.377,0.363,test,Made by Essilor in Creteil
PROMAPPER,002,2018_ESS_RR_BATCH1,20180503ESS,FBS019,R,2018-05-02T13:48:00Z,NA,-4.9415,0.149,165.375,3.066177588,89.38333734,-4.6895,0.093,174.702,0.665818294,-87.15908123,-3.8695,0.145,0.253,6.371741128,-81.82538867,1.16,70.027,0.104,0.029,0.155,-0.021,-0.765,0.005,test,Made by Essilor in Creteil
PROMAPPER,002,2018_ESS_RR_BATCH1,20180503ESS,FBS019,R,2018-05-02T13:47:17Z,NA,-4.9425,0.145,164.788,3.081912718,88.6055388,-4.71,0.112,176.767,0.65478317,-83.07034642,-3.8705,0.147,0.018,6.365982171,-81.43585666,1.162,70.03,0.107,0.029,0.18,0.024,-0.629,-0.135,test,Made by Essilor in Creteil
PROMAPPER,002,2018_ESS_RR_BATCH1,20180503ESS,FBS019,R,2018-05-02T13:46:36Z,NA,-4.9485,0.139,165.605,3.077146243,89.44139781,-4.694,0.094,174.048,0.654687712,-87.37359436,-3.872,0.154,179.519,6.363396106,-81.84188389,1.162,70.025,0.104,0.028,0.161,-0.03,-0.746,-0.029,test,Made by Essilor in Creteil
PROMAPPER,002,2018_ESS_RR_BATCH1,20180503ESS,PAL003,R,2018-05-02T13:50:40Z,NA,-9.951,4.124,1.791,3.532998726,77.11235076,-9.6465,3.957,1.596,1.341169639,-59.53445508,-7.114,4.084,0.937,7.461205332,-70.12973842,1.126,64.766,0.077,0.044,0.213,0.198,-0.183,-1.487,test,Made by Essilor in Creteil
PROMAPPER,002,2018_ESS_RR_BATCH1,20180503ESS,PAL003,R,2018-05-02T13:50:01Z,NA,-9.9485,4.123,1.795,3.513590756,76.60448064,-9.6465,3.957,1.608,1.379369784,-59.21433496,-7.112,4.086,0.954,7.496134471,-69.99860898,1.127,64.772,0.076,0.044,0.21,0.197,-0.19,-1.498,test,Made by Essilor in Creteil
PROMAPPER,002,2018_ESS_RR_BATCH1,20180503ESS,PAL003,R,2018-05-02T13:49:15Z,NA,-9.95,4.124,1.804,3.582115576,78.01248806,-9.656,3.962,1.618,1.270994099,-60.02586971,-7.125,4.092,0.935,7.395500862,-70.30813233,1.123,64.763,0.078,0.042,0.215,0.195,-0.161,-1.479,test,Made by Essilor in Creteil
PROMAPPER,002,2018_ESS_RR_BATCH1,20180503ESS,PAL004,R,2018-05-02T13:53:55Z,NA,-6.808,3.838,90.767,3.450440696,92.90718374,-6.5245,3.833,90.924,1.858974179,-95.30883615,-4.4005,4.119,90.767,9.115029457,-88.29628146,1.456,64.757,0.38,-0.106,0.252,NA,NA,NA,test,Made by Essilor in Creteil
PROMAPPER,002,2018_ESS_RR_BATCH1,20180503ESS,PAL004,R,2018-05-02T13:52:49Z,NA,-6.8115,3.839,90.736,3.446395218,92.89395302,-6.5255,3.831,90.905,1.862592011,-95.17493392,-4.4025,4.121,90.784,9.118486278,-88.20263141,1.458,64.761,0.377,-0.107,0.251,NA,NA,NA,test,Made by Essilor in Creteil
PROMAPPER,002,2018_ESS_RR_BATCH1,20180503ESS,PAL004,R,2018-05-02T13:52:04Z,NA,-6.821,3.85,90.708,3.427378298,93.49604004,-6.525,3.836,90.931,1.891815266,-96.12948497,-4.395,4.082,90.712,9.145551104,-88.6466601,1.453,64.754,0.379,-0.107,0.257,NA,NA,NA,test,Made by Essilor in Creteil
PROMAPPER,002,2018_ESS_RR_BATCH1,20180503ESS,PAL005,R,2018-05-02T14:01:05Z,NA,-2.39,0.43,89.653,0.204943895,-76.16717265,-1.9845,0.415,91.249,1.965016285,-89.76673603,0.0015,0.711,96.138,3.024553686,-86.22750867,1.505,64.466,0.265,2.789,0.274,NA,NA,NA,test,Made by Essilor in Creteil
PROMAPPER,002,2018_ESS_RR_BATCH1,20180503ESS,PAL005,R,2018-05-02T13:59:50Z,NA,-2.389,0.43,89.705,0.222596047,-78.33670597,-1.986,0.416,91.208,1.983002269,-89.91331961,-0.0015,0.711,96.325,3.036268269,-86.31772594,1.5,64.441,0.267,2.789,0.275,NA,NA,NA,test,Made by Essilor in Creteil
PROMAPPER,002,2018_ESS_RR_BATCH1,20180503ESS,PAL005,R,2018-05-02T13:58:48Z,NA,-2.389,0.43,89.717,0.195002564,-90.293821929999993,-1.9855,0.415,91.385,1.962367957,-91.10956546,0,0.712,96.186,3.018778892,-87.13285575,1.5,64.441,0.265,2.789,0.273,NA,NA,NA,test,Made by Essilor in Creteil
PROMAPPER,002,2018_ESS_RR_BATCH1,20180503ESS,PAL006,R,2018-05-02T14:04:08Z,NA,0.064,0.054,74.216,2.004857352,-86.94064889,0.671,0.216,154.26,1.745325185,-87.76712133,2.257,0.316,107.931,0.997382575,108.471281,1.932,64.239,0.154,0.055,0.26,0.136,-0.7,-0.552,test,Made by Essilor in Creteil
PROMAPPER,002,2018_ESS_RR_BATCH1,20180503ESS,PAL006,R,2018-05-02T14:03:26Z,NA,0.0685,0.053,76.177,1.979825497,-87.53935958,0.6645,0.213,153.945,1.716513909,-88.59793567,2.2605,0.315,108.18,1.02206898,109.9064759,1.936,64.239,0.134,0.057,0.255,0.088,-0.674,-0.337,test,Made by Essilor in Creteil
PROMAPPER,002,2018_ESS_RR_BATCH1,20180503ESS,PAL006,R,2018-05-02T14:02:42Z,NA,0.066,0.05,69.166,1.9684219570000001,-85.74640346,0.6715,0.221,153.441,1.700544913,-86.86502419,2.2475,0.339,108.02,1.023535539,106.5759239,1.933,64.248,0.137,0.056,0.261,0.095,-0.646,-0.334,test,Made by Essilor in Creteil
PROMAPPER,002,2018_ESS_RR_BATCH1,20180503ESS,PAL007,R,2018-05-02T13:56:34Z,NA,-1.8575,1.865,1.9,2.109982464,-96.83198893,-1.2215,2.061,177.76,1.853105502,-99.44199014,0.7075,1.711,178.829,0.935487573,100.0966784,1.874,64.388,0.156,0.045,0.261,0.095,-0.547,-0.374,test,Made by Essilor in Creteil
PROMAPPER,002,2018_ESS_RR_BATCH1,20180503ESS,PAL007,R,2018-05-02T13:55:53Z,NA,-1.857,1.862,1.887,2.118766858,-96.99420429,-1.222,2.064,177.731,1.860668966,-99.52813285,0.7105,1.705,178.728,0.929405186,100.10083,1.876,64.387,0.153,0.045,0.259,0.094,-0.545,-0.376,test,Made by Essilor in Creteil
PROMAPPER,002,2018_ESS_RR_BATCH1,20180503ESS,PAL007,R,2018-05-02T13:54:54Z,NA,-1.8565,1.863,1.886,2.113835613,-96.79217875,-1.2245,2.063,177.784,1.858861211,-99.38124572,0.708,1.71,178.796,0.93479463,99.85530504,1.874,64.38,0.153,0.045,0.261,0.094,-0.543,-0.372,test,Made by Essilor in Creteil
PROMAPPER,002,2018_ESS_RR_BATCH1,20180503ESS,PAL009,R,2018-05-02T14:28:59Z,NA,1.641,0.432,127.893,3.390299249,-95.07661523,2.1885,0.693,139.854,1.749873424,-95.77249575,3.8745,0.705,121.123,3.265020674,104.1469022,3.156,64.222,0.254,0.072,0.345,0.085,-0.966,-0.178,test,Made by Essilor in Creteil
PROMAPPER,002,2018_ESS_RR_BATCH1,20180503ESS,PAL009,R,2018-05-02T14:28:11Z,NA,1.6425,0.429,127.903,3.398384616,-95.45391889,2.1905,0.695,139.851,1.752449999,-96.55321307,3.882,0.702,121.324,3.283724258,104.2986198,3.155,64.227,0.254,0.073,0.34,0.086,-0.971,-0.189,test,Made by Essilor in Creteil
PROMAPPER,002,2018_ESS_RR_BATCH1,20180503ESS,PAL009,R,2018-05-02T14:27:33Z,NA,1.6485,0.415,127.418,3.343999103,-94.64838722,2.186,0.694,139.856,1.709317993,-95.3036792,3.8735,0.709,121.316,3.277402935,103.0313062,3.158,64.222,0.256,0.072,0.345,0.1,-0.969,-0.189,test,Made by Essilor in Creteil
PROMAPPER,002,2018_ESS_RR_BATCH1,20180503ESS,PAL010,R,2018-05-02T14:12:52Z,NA,0.327,3.706,134.192,3.899852561,-114.5606813,0.8685,4.017,136.597,1.616042079,-99.47397954,2.732,3.87,133.605,3.760834083,72.56236247,4.664,64.222,0.303,0.1,0.354,0.205,-1.197,0.035,test,Made by Essilor in Creteil
PROMAPPER,002,2018_ESS_RR_BATCH1,20180503ESS,PAL010,R,2018-05-02T14:12:02Z,NA,0.309,3.728,134.184,3.862035862,-114.29539,0.87,4.01,136.642,1.588087214,-98.65564334,2.731,3.892,133.488,3.792649733,72.44410356,4.665,64.229,0.301,0.1,0.348,0.203,-1.198,0.043,test,Made by Essilor in Creteil
PROMAPPER,002,2018_ESS_RR_BATCH1,20180503ESS,PAL010,R,2018-05-02T14:11:21Z,NA,0.322,3.712,134.166,3.858026698,-114.1268499,0.871,4.012,136.628,1.584060921,-98.16590901,2.729,3.89,133.514,3.794381636,72.26223162,4.665,64.203,0.299,0.1,0.35,0.205,-1.198,0.043,test,Made by Essilor in Creteil
PROMAPPER,002,2018_ESS_RR_BATCH1,20180503ESS,PAL011,R,2018-05-02T14:15:55Z,NA,5.729,0.31,139.52,6.011238142,-88.83708399,6.2495,0.835,151.864,1.260175385,-79.9920202,8.6485,0.525,141.14,9.921222757,102.6340421,6.842,63.937,0.389,0.088,0.468,0.046,-0.985,0.009,test,Made by Essilor in Creteil
PROMAPPER,002,2018_ESS_RR_BATCH1,20180503ESS,PAL011,R,2018-05-02T14:15:08Z,NA,5.731,0.306,139.644,6.029467058,-88.73604803,6.248,0.834,152.078,1.274558747,-79.69515353,8.6455,0.523,141.594,9.908844786,102.5789819,6.844,63.931,0.392,0.089,0.464,0.05,-0.991,0.027,test,Made by Essilor in Creteil
PROMAPPER,002,2018_ESS_RR_BATCH1,20180503ESS,PAL011,R,2018-05-02T14:14:14Z,NA,5.726,0.308,139.125,5.997901716,-89.00647593,6.248,0.836,151.852,1.235694542,-81.15513102,8.649,0.522,141.508,9.945124484,102.7212739,6.842,63.933,0.391,0.088,0.463,0.049,-0.983,0.014,test,Made by Essilor in Creteil
PROMAPPER,002,2018_ESS_RR_BATCH1,20180503ESS,PAL012,R,2018-05-02T14:18:18Z,NA,8.869,0.32,81.033,8.38150255,-87.27141293,9.4765,0.321,133.877,1.5787115,-77.45150978,12.271,0.102,116.97,13.77691264,108.1824419,9.285,63.966,0.342,0.088,0.435,-0.162,-0.745,0.733,test,Made by Essilor in Creteil
PROMAPPER,002,2018_ESS_RR_BATCH1,20180503ESS,PAL012,R,2018-05-02T14:17:34Z,NA,8.867,0.324,81.239,8.368952682,-87.34956361,9.4775,0.319,134.56,1.550196117,-77.25471053,12.276,0.092,116.323,13.79624257,108.1473363,9.289,63.963,0.343,0.089,0.43,-0.156,-0.75,0.754,test,Made by Essilor in Creteil
PROMAPPER,002,2018_ESS_RR_BATCH1,20180503ESS,PAL012,R,2018-05-02T14:16:54Z,NA,8.877,0.312,81.55,8.422267747,-87.31187152,9.4865,0.325,134.645,1.596205501,-77.113001,12.273,0.108,120.436,13.76110141,108.1821517,9.291,63.963,0.34,0.089,0.429,-0.152,-0.752,0.726,test,Made by Essilor in Creteil
PROMAPPER,002,2018_ESS_RR_BATCH1,20180503ESS,PAL013,R,2018-05-02T14:23:27Z,NA,3.179,3.95,89.563,4.257714058,-87.95411121,4.155,3.588,91.273,1.439115353,-86.89304838,6.014,3.798,91.046,6.627814496,115.8227491,6.837,63.899,0.31,0.106,0.396,0.247,-1.173,-0.317,test,Made by Essilor in Creteil
PROMAPPER,002,2018_ESS_RR_BATCH1,20180503ESS,PAL013,R,2018-05-02T14:22:40Z,NA,3.17,3.952,89.695,4.240203061,-88.63510756,4.17,3.584,91.513,1.416276809,-88.86718024,6.021,3.79,91.137,6.670846723,116.1117955,6.833,63.911,0.315,0.108,0.406,0.212,-1.207,-0.397,test,Made by Essilor in Creteil
PROMAPPER,002,2018_ESS_RR_BATCH1,20180503ESS,PAL013,R,2018-05-02T14:21:42Z,NA,3.174,3.956,89.645,4.298094694,-88.70683107,4.1515,3.591,91.281,1.497065463,-89.46418335,6.0095,3.803,90.977,6.612053009,116.5650512,6.835,63.895,0.309,0.106,0.397,0.255,-1.167,-0.294,test,Made by Essilor in Creteil
PROMAPPER,002,2018_ESS_RR_BATCH1,20180503ESS,PAL014,R,2018-05-02T14:31:53Z,NA,-0.0115,0.033,113.307,1.076569087,-88.13694659,0.214,0.17,130.777,0.939278979,-87.00965502,1.4805,0.021,137.294,0.550600581,109.1918278,1.897,69.198,0.03,0.006,0.11,0.014,-0.205,-0.045,test,Made by Essilor in Creteil
PROMAPPER,002,2018_ESS_RR_BATCH1,20180503ESS,PAL014,R,2018-05-02T14:30:57Z,NA,-0.012,0.034,114.229,1.067573885,-88.1212432,0.2125,0.173,130.786,0.932507373,-86.7417806,1.478,0.026,143.12,0.561936829,108.4671918,1.897,69.197,0.03,0.006,0.108,0.011,-0.208,-0.031,test,Made by Essilor in Creteil
PROMAPPER,002,2018_ESS_RR_BATCH1,20180503ESS,PAL014,R,2018-05-02T14:30:11Z,NA,-0.009,0.03,112.553,1.069340919,-88.55317379,0.2125,0.171,130.945,0.932991425,-87.35839848,1.481,0.022,139.001,0.562573551,108.6603948,1.897,69.19,0.03,0.006,0.108,0.015,-0.212,-0.037,test,Made by Essilor in Creteil
PROMAPPER,002,2018_ESS_RR_BATCH1,20180503ESS,PAL015,R,2018-05-02T14:25:58Z,NA,-2.03,0.076,98.228,0.553008137,89.68917604,-1.912,0.092,101.346,0.959018769,-89.64153265,-0.556,0.07,53.109,2.269381634,-84.25926045,1.293,69.753,0.036,0.017,0.14,0.139,-0.306,-0.334,test,Made by Essilor in Creteil
PROMAPPER,002,2018_ESS_RR_BATCH1,20180503ESS,PAL015,R,2018-05-02T14:25:00Z,NA,-2.031,0.078,97.75,0.537003724,90.21339112,-1.908,0.088,101.613,0.975000513,-90.05876488,-0.554,0.066,52.804,2.28641641,-84.52878204,1.293,69.75,0.037,0.017,0.142,0.19,-0.311,-0.309,test,Made by Essilor in Creteil
PROMAPPER,002,2018_ESS_RR_BATCH1,20180503ESS,PAL015,R,2018-05-02T14:24:13Z,NA,-2.029,0.074,97.72,0.545880939,93.25551803,-1.909,0.09,100.967,0.962467662,-91.78619179,-0.5555,0.065,51.899,2.270468013,-85.35162033,1.292,69.749,0.037,0.017,0.144,0.136,-0.298,-0.323,test,Made by Essilor in Creteil
PROMAPPER,002,2018_ESS_RR_BATCH1,20180503ESS,PAL016,L,2018-05-03T11:28:00Z,NA,7.068,0.028,35.843,7.004068603,-90.25359189,7.421,0.464,38.377,1.5364088,-93.20879036,7.421,0.464,38.377,1.5364088,-93.20879036,10.059,68.655,0.091,0.046,0.115,-0.092,-0.497,0.104,test,Made by Essilor in Creteil
PROMAPPER,002,2018_ESS_RR_BATCH1,20180503ESS,PAL016,L,2018-05-03T11:28:00Z,NA,7.0685,0.027,30.026,7.005034547,-90.17994333,7.4125,0.473,38.003,1.543023655,-92.93472259,7.4125,0.473,38.003,1.543023655,-92.93472259,10.06,68.654,0.085,0.046,0.117,-0.081,-0.513,0.029,test,Made by Essilor in Creteil
PROMAPPER,002,2018_ESS_RR_BATCH1,20180503ESS,PAL016,L,2018-05-03T11:27:00Z,NA,7.064,0.036,45.465,7.018018239,-90.13062566,7.417,0.466,38.048,1.555317331,-92.358339,7.417,0.466,38.048,1.555317331,-92.358339,10.059,68.657,0.449,0.042,0.113,-0.109,-0.411,0.325,test,Made by Essilor in Creteil
PROMAPPER,002,2018_ESS_RR_BATCH1,20180503ESS,PAL022,R,2018-05-02T14:40:21Z,NA,-4.9995,0.031,91.581,3.599729018,93.50385587,-4.906,0.048,97.104,0.384510078,-128.2409189,-4.2525,0.131,22.664,6.067309948,-82.47088028,1.754,69.759,0.043,0.021,0.124,0.127,-0.332,0.188,test,Made by Essilor in Creteil
PROMAPPER,002,2018_ESS_RR_BATCH1,20180503ESS,PAL022,R,2018-05-02T14:39:38Z,NA,-4.9975,0.039,109.907,3.591923301,93.00021179,-4.9225,0.041,83.381,0.366660606,-123.430028,-4.2465,0.121,22.631,6.079239591,-82.20045168,1.755,69.767,0.044,0.021,0.132,0.045,-0.302,0.42,test,Made by Essilor in Creteil
PROMAPPER,002,2018_ESS_RR_BATCH1,20180503ESS,PAL022,R,2018-05-02T14:38:53Z,NA,-5.01,0.032,76.136,3.566553659,93.72965453,-4.91,0.06,102.039,0.410202389,-126.6743497,-4.248,0.126,22.239,6.098127008,-82.5754783,1.755,69.766,0.044,0.02,0.125,0.107,-0.328,0.229,test,Made by Essilor in Creteil
PROMAPPER,002,2018_ESS_RR_BATCH1,20180503ESS,PAL023,R,2018-05-02T14:46:26Z,NA,-0.027,0.042,87.839,1.356230438,-88.94378154,0.4095,0.157,139.922,1.204767612,-87.95459151,1.8695,0.239,95.908,0.71314094,110.2645379,2.004,68.867,0.025,0.017,0.1,0.044,-0.174,0.059,test,Made by Essilor in Creteil
PROMAPPER,002,2018_ESS_RR_BATCH1,20180503ESS,PAL023,R,2018-05-02T14:45:36Z,NA,-0.028,0.044,88.318,1.366307798,-88.78380085,0.4085,0.157,139.579,1.209874787,-87.82106274,1.8695,0.241,95.572,0.712550349,110.3678206,2.004,68.862,0.025,0.017,0.1,0.045,-0.174,0.06,test,Made by Essilor in Creteil
PROMAPPER,002,2018_ESS_RR_BATCH1,20180503ESS,PAL023,R,2018-05-02T14:44:37Z,NA,-0.0275,0.045,90.788,1.344357467,-88.67867985,0.4085,0.157,139.989,1.189010092,-87.63812898,1.87,0.244,95.76,0.729451849,109.8757358,2.004,68.855,0.025,0.017,0.103,0.047,-0.176,0.06,test,Made by Essilor in Creteil
PROMAPPER,002,2018_ESS_RR_BATCH1,20180503ESS,PAL024,R,2018-05-02T14:55:12Z,NA,4.9855,0.039,177.829,4.218166426,-86.90154303,5.167,0.096,113.143,0.357994413,-50.44033203,5.919,0.066,72.715,6.920413644,99.271768,7.48,68.511,0.033,-0.006,0.121,0.362,-0.072,-1.464,test,Made by Essilor in Creteil
PROMAPPER,002,2018_ESS_RR_BATCH1,20180503ESS,PAL024,R,2018-05-02T14:48:06Z,NA,4.988,0.036,169.615,4.309755562,-88.36456202,5.161,0.104,109.152,0.403267901,-72.68835389,5.914,0.078,75.266,6.825463647,100.3221153,7.474,68.508,0.033,-0.005,0.109,0.362,-0.114,-1.725,test,Made by Essilor in Creteil
PROMAPPER,002,2018_ESS_RR_BATCH1,20180503ESS,PAL024,R,2018-05-02T14:47:16Z,NA,4.991,0.03,169.964,4.279423442,-88.0716678,5.1605,0.101,109.024,0.380005263,-67.0785811,5.916,0.074,77.933,6.867829424,99.92727273,7.474,68.502,0.033,-0.004,0.111,0.363,-0.134,-1.649,test,Made by Essilor in Creteil
PROMAPPER,002,2018_ESS_RR_BATCH1,20180503ESS,SVE002,R,2018-05-02T15:00:57Z,NA,-6.111,0.48,119.928,0.085510233,79.21570213,-6.111,0.48,119.928,0.085510233,79.21570213,NA,NA,NA,NA,NA,1.414,64.879,0.232,0.023,0.288,NA,NA,NA,test,Made by Essilor in Creteil
PROMAPPER,002,2018_ESS_RR_BATCH1,20180503ESS,SVE002,R,2018-05-02T15:00:26Z,NA,-6.1255,0.491,120.494,0.091241438,27.40757544,-6.1255,0.491,120.494,0.091241438,27.40757544,NA,NA,NA,NA,NA,1.408,64.879,0.229,0.023,0.279,NA,NA,NA,test,Made by Essilor in Creteil
PROMAPPER,002,2018_ESS_RR_BATCH1,20180503ESS,SVE002,R,2018-05-02T14:59:44Z,NA,-6.124,0.488,120.248,0.069971423,30.96375653,-6.124,0.488,120.248,0.069971423,30.96375653,NA,NA,NA,NA,NA,1.413,64.881,0.229,0.021,0.28,NA,NA,NA,test,Made by Essilor in Creteil
PROMAPPER,002,2018_ESS_RR_BATCH1,20180503ESS,SVE005,R,2018-05-02T15:03:21Z,NA,-2.2105,0.493,89.973,0.163248277,9.520021866,-2.2105,0.493,89.973,0.163248277,9.520021866,NA,NA,NA,NA,NA,1.36,64.565,0.155,0.01,0.238,NA,NA,NA,test,Made by Essilor in Creteil
PROMAPPER,002,2018_ESS_RR_BATCH1,20180503ESS,SVE005,R,2018-05-02T15:02:47Z,NA,-2.2105,0.493,90.088,0.095126232,12.13682446,-2.2105,0.493,90.088,0.095126232,12.13682446,NA,NA,NA,NA,NA,1.363,64.555,0.156,0.01,0.237,NA,NA,NA,test,Made by Essilor in Creteil
PROMAPPER,002,2018_ESS_RR_BATCH1,20180503ESS,SVE005,R,2018-05-02T15:01:52Z,NA,-2.207,0.496,90.013,0.130361037,-16.48875371,-2.207,0.496,90.013,0.130361037,-16.48875371,NA,NA,NA,NA,NA,1.364,64.559,0.156,0.009,0.243,NA,NA,NA,test,Made by Essilor in Creteil
PROMAPPER,002,2018_ESS_RR_BATCH1,20180503ESS,SVE006,R,2018-05-02T15:05:09Z,NA,0.11,0.006,105.91,0.334282814,6.699823564,0.11,0.006,105.91,0.334282814,6.699823564,NA,NA,NA,NA,NA,1.854,64.384,0.024,0.042,0.084,NA,NA,NA,test,Made by Essilor in Creteil
PROMAPPER,002,2018_ESS_RR_BATCH1,20180503ESS,SVE006,R,2018-05-02T15:04:38Z,NA,0.1105,0.005,106.228,0.328283414,5.068018127,0.1105,0.005,106.228,0.328283414,5.068018127,NA,NA,NA,NA,NA,1.851,64.382,0.024,0.042,0.082,NA,NA,NA,test,Made by Essilor in Creteil
PROMAPPER,002,2018_ESS_RR_BATCH1,20180503ESS,SVE006,R,2018-05-02T15:04:07Z,NA,0.109,0.004,103.575,0.309195731,2.038794639,0.109,0.004,103.575,0.309195731,2.038794639,NA,NA,NA,NA,NA,1.854,64.375,0.024,0.042,0.084,NA,NA,NA,test,Made by Essilor in Creteil
PROMAPPER,002,2018_ESS_RR_BATCH1,20180503ESS,SVE007,R,2018-05-02T15:06:59Z,NA,-1.8635,1.961,179.086,0.265047166,35.78897346,-1.8635,1.961,179.086,0.265047166,35.78897346,NA,NA,NA,NA,NA,1.876,64.552,0.037,0.05,0.069,NA,NA,NA,test,Made by Essilor in Creteil
PROMAPPER,002,2018_ESS_RR_BATCH1,20180503ESS,SVE007,R,2018-05-02T15:06:29Z,NA,-1.8625,1.959,179.108,0.266204808,37.21427084,-1.8625,1.959,179.108,0.266204808,37.21427084,NA,NA,NA,NA,NA,1.878,64.555,0.037,0.05,0.07,NA,NA,NA,test,Made by Essilor in Creteil
PROMAPPER,002,2018_ESS_RR_BATCH1,20180503ESS,SVE007,R,2018-05-02T15:05:57Z,NA,-1.863,1.96,179.084,0.275223546,37.61936364,-1.863,1.96,179.084,0.275223546,37.61936364,NA,NA,NA,NA,NA,1.876,64.561,0.037,0.05,0.069,NA,NA,NA,test,Made by Essilor in Creteil
PROMAPPER,002,2018_ESS_RR_BATCH1,20180503ESS,SVE009,R,2018-05-02T15:09:00Z,NA,0.8905,0.493,135.015,0.085755466,121.6512729,0.8905,0.493,135.015,0.085755466,121.6512729,NA,NA,NA,NA,NA,2.3,64.319,0.019,-0.687,0.073,NA,NA,NA,test,Made by Essilor in Creteil
PROMAPPER,002,2018_ESS_RR_BATCH1,20180503ESS,SVE009,R,2018-05-02T15:08:26Z,NA,0.886,0.498,134.993,0.112004464,113.1314208,0.886,0.498,134.993,0.112004464,113.1314208,NA,NA,NA,NA,NA,2.299,64.327,0.018,-0.686,0.073,NA,NA,NA,test,Made by Essilor in Creteil
PROMAPPER,002,2018_ESS_RR_BATCH1,20180503ESS,SVE009,R,2018-05-02T15:07:53Z,NA,0.892,0.49,135.208,0.087692645,82.793943,0.892,0.49,135.208,0.087692645,82.793943,NA,NA,NA,NA,NA,2.3,64.326,0.02,-0.687,0.077,NA,NA,NA,test,Made by Essilor in Creteil
PROMAPPER,002,2018_ESS_RR_BATCH1,20180503ESS,SVE010,R,2018-05-02T15:15:12Z,NA,0.4505,3.973,135.1,0.046097722,65.65891006,0.4505,3.973,135.1,0.046097722,65.65891006,NA,NA,NA,NA,NA,3.518,64.215,0.247,0.054,0.33,NA,NA,NA,test,Made by Essilor in Creteil
PROMAPPER,002,2018_ESS_RR_BATCH1,20180503ESS,SVE010,R,2018-05-02T15:14:42Z,NA,0.4515,3.977,135.068,0.13685759,148.749049,0.4515,3.977,135.068,0.13685759,148.749049,NA,NA,NA,NA,NA,3.519,64.22,0.242,0.054,0.325,NA,NA,NA,test,Made by Essilor in Creteil
PROMAPPER,002,2018_ESS_RR_BATCH1,20180503ESS,SVE010,R,2018-05-02T15:14:00Z,NA,0.4495,3.979,135.082,0.068680419,106.0599873,0.4495,3.979,135.082,0.068680419,106.0599873,NA,NA,NA,NA,NA,3.524,64.215,0.241,0.054,0.322,NA,NA,NA,test,Made by Essilor in Creteil
PROMAPPER,002,2018_ESS_RR_BATCH1,20180503ESS,SVE011,R,2018-05-02T15:10:56Z,NA,5.8035,0.473,148.885,0.015297059,101.3099325,5.8035,0.473,148.885,0.015297059,101.3099325,NA,NA,NA,NA,NA,5.354,63.595,0.03,0.171,0.12,NA,NA,NA,test,Made by Essilor in Creteil
PROMAPPER,002,2018_ESS_RR_BATCH1,20180503ESS,SVE011,R,2018-05-02T15:10:22Z,NA,5.8025,0.475,148.639,0.026172505,136.5481577,5.8025,0.475,148.639,0.026172505,136.5481577,NA,NA,NA,NA,NA,5.355,63.591,0.031,0.171,0.117,NA,NA,NA,test,Made by Essilor in Creteil
PROMAPPER,002,2018_ESS_RR_BATCH1,20180503ESS,SVE011,R,2018-05-02T15:09:50Z,NA,5.8045,0.475,148.549,0.096881371,101.3099325,5.8045,0.475,148.549,0.096881371,101.3099325,NA,NA,NA,NA,NA,5.355,63.585,0.032,0.171,0.12,NA,NA,NA,test,Made by Essilor in Creteil
PROMAPPER,002,2018_ESS_RR_BATCH1,20180503ESS,SVE012,R,2018-05-02T15:13:05Z,NA,8.1305,0.003,176.401,0.112432202,44.63965394,8.1305,0.003,176.401,0.112432202,44.63965394,NA,NA,NA,NA,NA,7.217,63.193,0.049,0.008,0.117,NA,NA,NA,test,Made by Essilor in Creteil
PROMAPPER,002,2018_ESS_RR_BATCH1,20180503ESS,SVE012,R,2018-05-02T15:12:33Z,NA,8.1295,0.005,132.642,0.05758472,69.67686317,8.1295,0.005,132.642,0.05758472,69.67686317,NA,NA,NA,NA,NA,7.217,63.186,0.05,0.008,0.121,NA,NA,NA,test,Made by Essilor in Creteil
PROMAPPER,002,2018_ESS_RR_BATCH1,20180503ESS,SVE012,R,2018-05-02T15:11:49Z,NA,8.1285,0.001,9.664,0.09749359,79.95797636,8.1285,0.001,9.664,0.09749359,79.95797636,NA,NA,NA,NA,NA,7.214,63.188,0.05,0.008,0.123,NA,NA,NA,test,Made by Essilor in Creteil
PROMAPPER,002,2018_ESS_RR_BATCH1,20180503ESS,SVE013,R,2018-05-03T11:50:00Z,NA,4.1405,3.969,90.033,0.187882942,27.92897871,4.1405,3.969,90.033,0.187882942,27.92897871,NA,NA,NA,NA,NA,7.242,63.416,0.041,0.046,0.058,NA,NA,NA,test,Made by Essilor in Creteil
PROMAPPER,002,2018_ESS_RR_BATCH1,20180503ESS,SVE013,R,2018-05-02T15:17:46Z,NA,4.1385,3.981,90.054,0.231969826,46.04797665,4.1385,3.981,90.054,0.231969826,46.04797665,NA,NA,NA,NA,NA,7.246,63.397,0.042,0.048,0.05,NA,NA,NA,test,Made by Essilor in Creteil
PROMAPPER,002,2018_ESS_RR_BATCH1,20180503ESS,SVE013,R,2018-05-02T15:16:38Z,NA,4.139,3.978,90.054,0.201039797,66.24007102,4.139,3.978,90.054,0.201039797,66.24007102,NA,NA,NA,NA,NA,7.246,63.399,0.043,0.047,0.051,NA,NA,NA,test,Made by Essilor in Creteil
PROMAPPER,002,2018_ESS_RR_BATCH1,20180503ESS,SVE015,R,2018-05-02T15:22:40Z,NA,-9.905,3.97,179.857,0.117613775,174.1439864,-9.905,3.97,179.857,0.117613775,174.1439864,NA,NA,NA,NA,NA,1.4,65.025,0.084,0.106,0.058,NA,NA,NA,test,Made by Essilor in Creteil
PROMAPPER,002,2018_ESS_RR_BATCH1,20180503ESS,SVE015,R,2018-05-02T15:22:10Z,NA,-9.9065,3.973,179.873,0.125143917,-177.2519118,-9.9065,3.973,179.873,0.125143917,-177.2519118,NA,NA,NA,NA,NA,1.399,65.033,0.079,0.105,0.058,NA,NA,NA,test,Made by Essilor in Creteil
PROMAPPER,002,2018_ESS_RR_BATCH1,20180503ESS,SVE015,R,2018-05-02T15:21:34Z,NA,-9.9065,3.973,179.849,0.129340636,161.9853061,-9.9065,3.973,179.849,0.129340636,161.9853061,NA,NA,NA,NA,NA,1.397,65.011,0.081,0.105,0.056,NA,NA,NA,test,Made by Essilor in Creteil
PROMAPPER,002,2018_ESS_RR_BATCH1,20180503ESS,SVE016,R,2018-05-02T15:24:44Z,NA,-0.003,0.018,96.67,0.094762862,44.1449026,-0.003,0.018,96.67,0.094762862,44.1449026,NA,NA,NA,NA,NA,1.882,64.54,0.009,0.046,0.061,NA,NA,NA,test,Made by Essilor in Creteil
PROMAPPER,002,2018_ESS_RR_BATCH1,20180503ESS,SVE016,R,2018-05-02T15:24:12Z,NA,-0.0025,0.019,95.077,0.076850504,57.75753216,-0.0025,0.019,95.077,0.076850504,57.75753216,NA,NA,NA,NA,NA,1.883,64.554,0.009,0.046,0.056,NA,NA,NA,test,Made by Essilor in Creteil
PROMAPPER,002,2018_ESS_RR_BATCH1,20180503ESS,SVE016,R,2018-05-02T15:23:37Z,NA,-0.0035,0.019,95.566,0.083486526,46.94148639,-0.0035,0.019,95.566,0.083486526,46.94148639,NA,NA,NA,NA,NA,1.884,64.546,0.009,0.046,0.059,NA,NA,NA,test,Made by Essilor in Creteil
PROMAPPER,002,2018_ESS_RR_BATCH1,20180503ESS,SVE017,R,2018-05-02T15:26:54Z,NA,-2,1.99,1.743,0.210679852,128.4474453,-2,1.99,1.743,0.210679852,128.4474453,NA,NA,NA,NA,NA,1.853,64.727,0.026,0.044,0.073,NA,NA,NA,test,Made by Essilor in Creteil
PROMAPPER,002,2018_ESS_RR_BATCH1,20180503ESS,SVE017,R,2018-05-02T15:26:19Z,NA,-1.997,1.99,1.752,0.175504986,137.3090628,-1.997,1.99,1.752,0.175504986,137.3090628,NA,NA,NA,NA,NA,1.853,64.738,0.026,0.044,0.072,NA,NA,NA,test,Made by Essilor in Creteil
PROMAPPER,002,2018_ESS_RR_BATCH1,20180503ESS,SVE017,R,2018-05-02T15:25:41Z,NA,-2,1.988,1.753,0.219829479,125.9315611,-2,1.988,1.753,0.219829479,125.9315611,NA,NA,NA,NA,NA,1.855,64.732,0.026,0.044,0.073,NA,NA,NA,test,Made by Essilor in Creteil
PROMAPPER,002,2018_ESS_RR_BATCH1,20180503ESS,SVE019,R,2018-05-02T15:29:19Z,NA,0.788,0.508,134.257,0.016552945,154.9831065,0.788,0.508,134.257,0.016552945,154.9831065,NA,NA,NA,NA,NA,2.312,64.495,0.011,-0.679,0.051,NA,NA,NA,test,Made by Essilor in Creteil
PROMAPPER,002,2018_ESS_RR_BATCH1,20180503ESS,SVE019,R,2018-05-02T15:28:49Z,NA,0.791,0.51,134.626,0.027202941,-143.9726266,0.791,0.51,134.626,0.027202941,-143.9726266,NA,NA,NA,NA,NA,2.312,64.501,0.01,-0.679,0.047,NA,NA,NA,test,Made by Essilor in Creteil
PROMAPPER,002,2018_ESS_RR_BATCH1,20180503ESS,SVE019,R,2018-05-02T15:28:18Z,NA,0.785,0.52,134.924,0.047010637,66.16125982,0.785,0.52,134.924,0.047010637,66.16125982,NA,NA,NA,NA,NA,2.318,64.49,0.012,-0.679,0.053,NA,NA,NA,test,Made by Essilor in Creteil
PROMAPPER,002,2018_ESS_RR_BATCH1,20180503ESS,SVE020,R,2018-05-02T15:31:15Z,NA,5.6665,0.497,148.148,0.13473678,24.09201953,5.6665,0.497,148.148,0.13473678,24.09201953,NA,NA,NA,NA,NA,5.353,63.731,0.014,0.169,0.06,NA,NA,NA,test,Made by Essilor in Creteil
PROMAPPER,002,2018_ESS_RR_BATCH1,20180503ESS,SVE020,R,2018-05-02T15:30:41Z,NA,5.6685,0.491,148.467,0.146778745,19.91640599,5.6685,0.491,148.467,0.146778745,19.91640599,NA,NA,NA,NA,NA,5.353,63.733,0.013,0.169,0.061,NA,NA,NA,test,Made by Essilor in Creteil
PROMAPPER,002,2018_ESS_RR_BATCH1,20180503ESS,SVE020,R,2018-05-02T15:30:11Z,NA,5.667,0.496,148.12,0.128701204,44.37040139,5.667,0.496,148.12,0.128701204,44.37040139,NA,NA,NA,NA,NA,5.353,63.727,0.013,0.17,0.052,NA,NA,NA,test,Made by Essilor in Creteil
PROMAPPER,002,2018_ESS_RR_BATCH1,20180503ESS,SVE021,R,2018-05-02T15:37:44Z,NA,8.019,0.014,115.342,0.326938832,168.1745225,8.019,0.014,115.342,0.326938832,168.1745225,NA,NA,NA,NA,NA,7.129,63.158,0.018,0.055,0.03,NA,NA,NA,test,Made by Essilor in Creteil
PROMAPPER,002,2018_ESS_RR_BATCH1,20180503ESS,SVE021,R,2018-05-02T15:37:15Z,NA,8.0235,0.011,116.472,0.350031427,166.9563076,8.0235,0.011,116.472,0.350031427,166.9563076,NA,NA,NA,NA,NA,7.131,63.159,0.015,0.056,0.029,NA,NA,NA,test,Made by Essilor in Creteil
PROMAPPER,002,2018_ESS_RR_BATCH1,20180503ESS,SVE021,R,2018-05-02T15:36:45Z,NA,8.0205,0.013,115.928,0.341738204,166.2890662,8.0205,0.013,115.928,0.341738204,166.2890662,NA,NA,NA,NA,NA,7.131,63.152,0.018,0.057,0.031,NA,NA,NA,test,Made by Essilor in Creteil
PROMAPPER,002,2018_ESS_RR_BATCH1,20180503ESS,SVE022,R,2018-05-02T15:35:34Z,NA,4.019,4.008,90.146,0.220771375,146.4538914,4.019,4.008,90.146,0.220771375,146.4538914,NA,NA,NA,NA,NA,7.164,63.651,0.018,0.06,0.054,NA,NA,NA,test,Made by Essilor in Creteil
PROMAPPER,002,2018_ESS_RR_BATCH1,20180503ESS,SVE022,R,2018-05-02T15:34:09Z,NA,4.0235,4.007,90.095,0.169008876,129.7187594,4.0235,4.007,90.095,0.169008876,129.7187594,NA,NA,NA,NA,NA,7.166,63.659,0.016,0.061,0.048,NA,NA,NA,test,Made by Essilor in Creteil
PROMAPPER,002,2018_ESS_RR_BATCH1,20180503ESS,SVE022,R,2018-05-02T15:33:23Z,NA,4.029,4.004,89.944,0.182608872,142.5653211,4.029,4.004,89.944,0.182608872,142.5653211,NA,NA,NA,NA,NA,7.168,63.639,0.018,0.063,0.045,NA,NA,NA,test,Made by Essilor in Creteil
